{
  "summary": {
    "pct_privacy_policy": 0.8421052631578947,
    "pct_cookie_policy": 0.631578947368421,
    "pct_legal_notice": 0.3684210526315789,
    "pct_data_protect_clause": 0.2631578947368421,
    "pct_controller_present": 0.7894736842105263,
    "pct_dpo_contact": 0.9473684210526315,
    "rights_pct_mean": 0.6917293233082706,
    "rights_pct_std": 0.5489236766449317,
    "pct_has_legal_basis": 0.7894736842105263,
    "pct_has_retention": 1.0,
    "pct_has_recipients": 0.8947368421052632,
    "cookies_total_mean": 16.31578947368421,
    "cookies_3p_ratio_mean": 0.071,
    "cookies_session_ratio_mean": 0.17326315789473684,
    "tracker_hit_ratio_mean": 0.699,
    "req_3p_ratio_mean": 0.6516842105263158,
    "total_sec_headers_mean": 2.8947368421052633,
    "security_score_mean": 2.8947368421052633,
    "pct_strict-transport-security": 0.7368421052631579,
    "pct_content-security-policy": 0.3684210526315789,
    "pct_permissions-policy": 0.15789473684210525,
    "pct_referrer-policy": 0.15789473684210525,
    "pct_x-frame-options": 0.7368421052631579,
    "pct_x-content-type-options": 0.7368421052631579,
    "tls_days_until_expiry_median": 81.0,
    "tls_cipher_fs_ratio_mean": 0.6437368421052632,
    "tls_cipher_weak_ratio_mean": 0.10068421052631579,
    "compliance_score_mean": 0.5231481481481481,
    "possible_transfer_violation_pct": 1.0,
    "violation_cookie_ownership_count": 0,
    "violation_cookie_session_only_count": 0,
    "violation_consent_prior_count": 1,
    "violation_no_tracking_claim_count": 12,
    "cookies_total_median": 7.0,
    "cookies_total_iqr": 20.0,
    "cookies_total_cv": 1.8524276054136766,
    "cookies_total_high_cv": "True",
    "tracker_hit_ratio_median": 0.704,
    "tracker_hit_ratio_iqr": 0.2955000000000001,
    "tracker_hit_ratio_cv": 0.35317335163139046,
    "tracker_hit_ratio_high_cv": "False",
    "total_sec_headers_median": 3.0,
    "total_sec_headers_iqr": 2.5,
    "total_sec_headers_cv": 0.6329780067465167,
    "total_sec_headers_high_cv": "False"
  },
  "consent_distribution": {
    "banner": 0.42105263157894735,
    "unknown": 0.3684210526315789,
    "none": 0.10526315789473684,
    "cmp": 0.10526315789473684
  }
}