{
  "summary": {
    "pct_privacy_policy": 0.3181818181818182,
    "pct_cookie_policy": 0.5454545454545454,
    "pct_legal_notice": 0.9242424242424242,
    "pct_data_protect_clause": 0.4696969696969697,
    "pct_controller_present": 0.30303030303030304,
    "pct_dpo_contact": 1.0,
    "rights_pct_mean": 0.4329004329004329,
    "rights_pct_std": 0.5988907995945679,
    "pct_has_legal_basis": 0.22727272727272727,
    "pct_has_retention": 1.0,
    "pct_has_recipients": 0.25757575757575757,
    "cookies_total_mean": 61.53125,
    "cookies_3p_ratio_mean": 0.147609375,
    "cookies_session_ratio_mean": 0.442671875,
    "tracker_hit_ratio_mean": 0.52775,
    "req_3p_ratio_mean": 0.53534375,
    "total_sec_headers_mean": 3.265625,
    "security_score_mean": 3.1666666666666665,
    "pct_strict-transport-security": 0.71875,
    "pct_content-security-policy": 0.421875,
    "pct_permissions-policy": 0.09375,
    "pct_referrer-policy": 0.421875,
    "pct_x-frame-options": 0.796875,
    "pct_x-content-type-options": 0.8125,
    "tls_days_until_expiry_median": 54.5,
    "tls_cipher_fs_ratio_mean": 0.4284375,
    "tls_cipher_weak_ratio_mean": 0.16221875,
    "compliance_score_mean": 0.27419354838709675,
    "possible_transfer_violation_pct": 0.7777777777777778,
    "violation_cookie_ownership_count": 0,
    "violation_cookie_session_only_count": 4,
    "violation_consent_prior_count": 9,
    "violation_no_tracking_claim_count": 37,
    "cookies_total_median": 11.5,
    "cookies_total_iqr": 46.25,
    "cookies_total_cv": 2.1125189717892896,
    "cookies_total_high_cv": "True",
    "tracker_hit_ratio_median": 0.5465,
    "tracker_hit_ratio_iqr": 0.32425,
    "tracker_hit_ratio_cv": 0.4470440388622903,
    "tracker_hit_ratio_high_cv": "False",
    "total_sec_headers_median": 4.0,
    "total_sec_headers_iqr": 1.25,
    "total_sec_headers_cv": 0.5142372182841052,
    "total_sec_headers_high_cv": "False"
  },
  "consent_distribution": {
    "unknown": 0.4696969696969697,
    "banner": 0.2878787878787879,
    "none": 0.16666666666666666,
    "scroll": 0.045454545454545456,
    "cmp": 0.030303030303030304
  }
}