{
  "summary": {
    "pct_privacy_policy": 0.6666666666666666,
    "pct_cookie_policy": 0.0,
    "pct_legal_notice": 0.6666666666666666,
    "pct_data_protect_clause": 0.0,
    "pct_controller_present": 0.6666666666666666,
    "pct_dpo_contact": 0.8333333333333334,
    "rights_pct_mean": 0.369047619047619,
    "rights_pct_std": 0.31654132857876977,
    "pct_has_legal_basis": 0.5833333333333334,
    "pct_has_retention": 0.75,
    "pct_has_recipients": 0.5833333333333334,
    "cookies_total_mean": 34.666666666666664,
    "cookies_3p_ratio_mean": 0.3194166666666666,
    "cookies_session_ratio_mean": 0.05541666666666667,
    "tracker_hit_ratio_mean": 0.7319999999999999,
    "req_3p_ratio_mean": 0.7847499999999998,
    "total_sec_headers_mean": 2.8333333333333335,
    "security_score_mean": 2.8333333333333335,
    "pct_strict-transport-security": 0.5,
    "pct_content-security-policy": 0.3333333333333333,
    "pct_permissions-policy": 0.25,
    "pct_referrer-policy": 0.25,
    "pct_x-frame-options": 0.9166666666666666,
    "pct_x-content-type-options": 0.5833333333333334,
    "tls_days_until_expiry_median": 55.5,
    "tls_cipher_fs_ratio_mean": 0.4713333333333334,
    "tls_cipher_weak_ratio_mean": 0.2008333333333333,
    "compliance_score_mean": 0.20833333333333334,
    "possible_transfer_violation_pct": 1.0,
    "violation_cookie_ownership_count": 0,
    "violation_cookie_session_only_count": 0,
    "violation_consent_prior_count": 0,
    "violation_no_tracking_claim_count": 12,
    "cookies_total_median": 14.5,
    "cookies_total_iqr": 31.75,
    "cookies_total_cv": 1.069730444949601,
    "cookies_total_high_cv": "True",
    "tracker_hit_ratio_median": 0.763,
    "tracker_hit_ratio_iqr": 0.28325,
    "tracker_hit_ratio_cv": 0.24420839818901802,
    "tracker_hit_ratio_high_cv": "False",
    "total_sec_headers_median": 2.0,
    "total_sec_headers_iqr": 2.75,
    "total_sec_headers_cv": 0.6885117594540956,
    "total_sec_headers_high_cv": "False"
  },
  "consent_distribution": {
    "unknown": 1.0
  }
}