{
  "summary": {
    "pct_privacy_policy": 0.9090909090909091,
    "pct_cookie_policy": 0.0,
    "pct_legal_notice": 0.18181818181818182,
    "pct_data_protect_clause": 0.36363636363636365,
    "pct_controller_present": 0.9090909090909091,
    "pct_dpo_contact": 0.45454545454545453,
    "rights_pct_mean": 0.49350649350649345,
    "rights_pct_std": 0.3411409230276285,
    "pct_has_legal_basis": 0.6363636363636364,
    "pct_has_retention": 0.2727272727272727,
    "pct_has_recipients": 0.36363636363636365,
    "cookies_total_mean": 27.0,
    "cookies_3p_ratio_mean": 0.17263636363636364,
    "cookies_session_ratio_mean": 0.09445454545454547,
    "tracker_hit_ratio_mean": 0.6848181818181819,
    "req_3p_ratio_mean": 0.6939090909090909,
    "total_sec_headers_mean": 0.6363636363636364,
    "security_score_mean": 0.6363636363636364,
    "pct_strict-transport-security": 0.0,
    "pct_content-security-policy": 0.09090909090909091,
    "pct_permissions-policy": 0.0,
    "pct_referrer-policy": 0.09090909090909091,
    "pct_x-frame-options": 0.2727272727272727,
    "pct_x-content-type-options": 0.18181818181818182,
    "tls_days_until_expiry_median": 61.0,
    "tls_cipher_fs_ratio_mean": 0.43863636363636355,
    "tls_cipher_weak_ratio_mean": 0.11590909090909092,
    "compliance_score_mean": 0.2727272727272727,
    "possible_transfer_violation_pct": 1.0,
    "violation_cookie_ownership_count": 0,
    "violation_cookie_session_only_count": 0,
    "violation_consent_prior_count": 0,
    "violation_no_tracking_claim_count": 11,
    "cookies_total_median": 10.0,
    "cookies_total_iqr": 25.5,
    "cookies_total_cv": 1.4336556419911108,
    "cookies_total_high_cv": "True",
    "tracker_hit_ratio_median": 0.713,
    "tracker_hit_ratio_iqr": 0.16900000000000004,
    "tracker_hit_ratio_cv": 0.28471124649065993,
    "tracker_hit_ratio_high_cv": "False",
    "total_sec_headers_median": 0.0,
    "total_sec_headers_iqr": 1.0,
    "total_sec_headers_cv": 1.2121830534626528,
    "total_sec_headers_high_cv": "True"
  },
  "consent_distribution": {
    "unknown": 1.0
  }
}